brand,mpn,title
VATERRA,VTR03090,Vaterra 1/10 1972 Chevrolet K10 Pickup Ascender 4WD RTR
WWE,US610203,WWE Massive Belt Banners - Airnormous WWE United States Championship Title
SONGMICS,UGKR48WT,SONGMICS UGKR48WT Children’s Toy Storage Unit White
WWE,TMLWWE2,WWE TeenyMates Series 2 Locker Room Set
THD,TH-6133,"THD TH-6133 White Large Indoor or Outdoor Thermometer, Multicolor"
REALBUG,TE29,REALBUG Dragonfly Paperweight(3x3x1)
INNOBABY,TE-RING03,INNOBABY TEETHIN' Smart Birthstone Ring TEETHER - March (Aquamarine)
REALBUG,TC101,"REALBUG 1.9 "" Black Scorpion Dome Paperweight Red"
TOMY,T73069,"TOMY Rapidough Game, Multi-Color"
TOMY,T72737,"TOMY Puzzle Wars Games for Kids, Multicolor"
TREND,T23001,Trend Enterprises Alphabet Pocket Flash Cards
TOMY,T22050A3,"Sonic Collector Series 3"" Figure Pack"
TOMY,T17033EU,"Tomy Stink Bomz Plush Toy, Ripper"
TREND,T-53203BN,"TREND enterprises, Inc. T-53203BN Multiplication 0-12 All Facts Skill Drill Flash Cards, 2 Sets"
TREND,T-53017BN,"TREND enterprises, Inc. T-53017BN Sight Words – Level 1 Skill Drill Flash Cards, 2 Sets"
TREND,T-53004BN,"TREND enterprises, Inc. T-53004BN Picture Words Skill Drill Flash Cards, 2 Sets"
NSKN,STR007,Black Skull Island
STRON,STR-40IN,"TruJump 40"" Mini Trampoline"
Q,SSTE13QWP,Q-Workshop Polyhedral 7-Die Set: Carved Steampunk Dice Set (Yellow and Black)
U,SS-UST-IN412,Blue Tang Fish Inflate
U,SS-UST-IN300,One Inflatable Fish Ball
U,SS-UST-7652,U.S. Toy 7652 Prism Scopes
U,SS-UST-5000,U.S. Toy 5000 Sheriff Badges
ST,SPTSTRA17BKO,"ST Racing Concepts Upgrade Parts RC Hobby, Black/Orange"
ST,SPTST5475LB,"ST Racing Concepts ST5475LB CNC Machined Aluminum 4mm/5mm Turnbuckle Wrench, Blue"
ST,SPTST3768B,"ST Racing Concepts ST3768B CNC Machined Light Weight Aluminum Lower Shock Retainers (4), for Traxxas 4Tec 2.0, Blue"
ST,SPTST3623FB,ST Racing Concepts ST3623FB Front Skid Plate for Stampede (Blue)
SHIMMEEZ,SMZ01004,"SHIMMEEZ, Large Size Yaffa Unicorn, Sequin Plush Stuffed Animal, 3.5"""
REALBUG,SL04,"REALBUG Scarlet Plant Bug Bracelet, Clear"
SKR,SKR875,Daron Skymarks Alaska 737-900 1/130 2016 Livery SKR875
SET,SET 1300,SET Junior Board Game
DC,SEP180631,DC Collectibles DC Designer Series: Green Lantern by Ivan Reis Resin Statue
IDW,SEP170599,IDW Games Teenage Mutant Ninja Turtles: Splinter Hero Pack Accessory
WORKSHOP,SDIV87QWS,Q WORKSHOP Divinity: Original Sin 2 Dice Set
WORKSHOP,SCLR2CQWS,Q WORKSHOP Classic Runic Glacier & Black Dice Set (7)
WORKSHOP,SCLR06QWS,Q WORKSHOP Classic Runic Black & Red Dice Set (7)
SCHMIDT,SCH58178,SCHMIDT Historical Map of the World Puzzle (2000-Piece)
AMOSTING,S911-red,"ICS RC Cars, AMOSTING 35MPH 1/12 Scale 2.4GHz 2WD High Speed Off Road Remote Control Car Monster Trucks"
RWBY,RWB0103,RWBY Weiss Schnee Collectible Figure
RPM,RPM82322,"RPM Revolver Wheels - Traxxas Slash 2WD Front, Nitro Slash, Black"
RPM,RPM81372,"RPM 81372 Flat Front A-Arms for B6 and B6D , Black"
RPM,RPM81255,"RPM Slash Front Skid Plate, Blue"
RPM,RPM80862,"RPM Rear Shock Tower for The Nitro Slash, Nitro Stampede, Nitro Rustler and Nitro Sport, Black"
RPM,RPM73381,"RPM Heavy Duty Rod Ends (12), White"
RPM,RPM73152,"RPM Lower Spring Cups for HPI Savage, Savage-X, E-Savage and Most Losi & Traxxas Shocks, Black"
RPM,RPM72022,"RPM 72022 Latrax Alias Landing Gear, Black"
RPM,RPM70702,RPM 70702 Rear Shock Hoops and Body Mounts for The Axial SCX10
RPM,RPM70632,"RPM 70632 Front Upper and Lower A-Arms for Helion Dominus SC, SCV2 and Tr"
NKOK,RC-611,NKOK Sonic and Sega All Stars Racing Remote Controlled Car - Sonic The Hedgehog
CMON,RB017,CMON Rum & Bones: Second Tide Board Game
RAVE,RAVEL MATCH LLC,RAVE Sports Whoosh 10' Water Mat Inflatable Activity Platform (White)
Q,QWS CELV101,Q WORKSHOP Elvish Black Leather Dice Cup
CMON,QN001,CMON Queens Necklace Game
PLAYBERG,QI003559,PLAYBERG Wooden Sandbox with Floor Cover
PLAYBERG,QI003372,PLAYBERG Kids Trapeze Swing Bar with Rings with Hanging Ropes
FOCO,PZNF3DMS,FOCO NFL 3D BRXLZ Blocks Set - Mascot
FOCO,PZNC3DMS,FOCO NCAA 3D BRXLZ Building Blocks - Mascots
US,PZ104-522,"USAOPOLY PZ104-522 Game of Thrones Premium Jigsaw Puzzle, Multicolor"
REALBUG,PWC421,REALBUG Scorpion Collection 2pc Set
REALBUG,PW110,REALBUG Spiny Spider Paperweight (1.8x1.1x0.8)
REALBUG,PW103,REALBUG Honey Bee Paperweight (1.8x1.1x0.8)
PROLINE,PRO991533,PROLINE 991533 B&W Decal
PUMA,PE1087-008,PUMA Evercat The All Star Carrysack
MAC,PE07211,"MAC-T PE07211 ""Soft Skin"" 2-1/2 in. Diameter Extra Durable Foam Ball, Super 70, All Grade Levels (Set of 6)"
ACME,PBEA20RLE,"ACME Studios The Beatles""1968"" Limited Edition Roller Ball Pen (PBEA20RLE)"
PARADISE,PALB-83,PARADISE The Mallows Kicktail Complete Longboard
PARADISE,PALB-76,PARADISE Good Times Roll Kicktail Complete Longboard
CTA,PAD-EASEL,CTA Digital Kids Drawing Easel for iPad
OTTA,P19647,YA OTTA Pinata Tropical Seahorse Pinata
REALBUG,OP404,"REALBUG OP404 Necklace, Shiny Pink"
DIAMOND,OCT182231,DIAMOND SELECT TOYS John Wick Vinimate
DIAMOND,OCT182230,DIAMOND SELECT TOYS Pacific Rim Uprising Gallery: Gipsy Avenger PVC Figure
DIAMOND,OCT172364,DIAMOND SELECT TOYS DC Vinimates: Batman Arkham Asylum Video Game: Armored Batman Vinimate Vinyl Figure
NEBULOUS,NS11301,"NEBULOUS STARS Porcelain Painting, Multicolor"
NEBULOUS,NS11115,"NEBULOUS STARS Marinia's Secret Diary, Motif Applicator Pen & Ball Pen & Lock Included, Multicolor"
NPW,NPW86508,"NPW Drinking Buddies Money Shooter, It's Raining Men"
NPW,NPW70316,"NPW Twisted Games, Akward Silence"
NPW,NPW67309,"NPW-USA NPW67309 Drinking Buddies Dice Game, 6-Piece Set"
NPW,NPW48940,NPW Small Classic Sound Effects Machine
NPW,NPW38576,NPW-USA Mix & Match Robot Temporary Tattoos
FRE,NOV178278,FREEing Fate/Grand Order: Saber/Nero Claudius (Yukata Version) 1: 8 Scale PVC Figure
DC,NOV170403,Entertainment Earth Batman Black & White 1st Appearance by Bob Kane Figure
HARRY,NK371784,"HARRY POTTER Collapsible Storage Cubes 2 Pack, Red"
NJ,NJAB5002,"NJ Croce AB5002 Action Bendables Superman, Figure, 4"", Multicolor"
NATIONAL,NGRMF200,"NATIONAL GEOGRAPHIC Rocks & Fossils Kit – 200 Piece Set Includes Geodes, Real Fossils, Rose Quartz, Jasper, Aventurine, & Many More Rocks, Crystals & Gemstones"
NATIONAL,NGMRPACK,"NATIONAL GEOGRAPHIC Marble Run Bundle - Expansion Pack with 5 Glow-in-The-Dark Glass Marbles, 20 Constructionpiece, & UV Light Keychain, Great Creative Stem Toy for Girls & Boys"
SWAGSKATE,NG-2,SWAGSKATE NG2 A.I.-Powered Electric Longboard with Hands-Free Control & 900W Dual-Hub Brushless Motor | 38” Electric Skateboard w/Remote & 3.5” x 52mm PU Wheels
NERF,NER0172,NERF Over-The-Door Storage
SE,MLH31L,SE MLH31L 9x Illuminated Handheld Magnifier
SE,ML7527L,SE ML7527L Illuminated Adjustable-Focus Loupe with 8X Magnification
SE,MH7030B,SE 3.3x Sliding Magnifier
SE,MH7011B-BOX,SE MH7011B-BOX 2.25x Handheld Magnifier
FFG,MEC69,Fantasy Flight Games The Ghost of Framsburg Adventure Pack
MPI,MDF5-L130,"MPI Baltic Birch University Font Letters and Numbers, 5-Inch, Number 4"
MICADOR,MDECRABC,"Micador early stART Crayons, Assorted"
DC,MAY190545,DC Collectibles Batman The Animated Series: Mr. Freeze Action Figure
DC,MAY180603,DC Artists Alley: Catwoman by Sho Murase (Holiday Variant) Designer Vinyl Figure
DC,MAY180601,"DC Designer Series: Jim Lee Collector Superman, Batman & Wonder Woman 3 Pack Statue Set"
DC,MAY179007,DC Collectibles DC Artists Alley: Wonder Woman by Chris Uminga Limited Edition Vinyl PVC Figure
DIAMOND,MAR192451,"DIAMOND SELECT TOYS Godzilla 1954 Vinimate Vinyl Figure, Multicolor"
DIAMOND,MAR192445,"DIAMOND SELECT TOYS Marvel Premier Green Goblin Resin Statue, Multicolor"
DIAMOND,MAR192440,DIAMOND SELECT TOYS DC Gallery: Dctv Batwoman PVC Figure
DC,MAR190624,"DC Collectibles Artists Alley: Two-Face by James Groman Designer Vinyl Figure, Multicolor"
FRE,MAR188267,FREEing Reborn!: Kyoya Hibari Nendoroid Action Figure
DIAMOND,MAR182421,DIAMOND SELECT TOYS DC Vinimates: Arrow CW TV Show Arrow Vinimate Vinyl Figure
DC,MAR180374,DC Collectibles DC Artists Alley: Batman by Nooligan Limited Edition Vinyl PVC Figure
DIAMOND,MAR172723,DIAMOND SELECT TOYS DC Gallery Batman The Animated Series HARDAC PVC Figure
CMC,M-162,CMC-Classic Model Cars Auto Union Type C 1937 German Hillclimb #111 Struck Limited Edition Vehicle
CMON,LTZ001,CMON Looterz Game Board Game
L,LOL162,"L.O.L. Surprise! Interchangeable Charm Necklace, Multicolor"
LMD,LMD01US,Esdevium HMS Dolores Card Game
LEISURE,LA-75558,LEISURE ARTS A Dishcloth A Month
FFG,L5R04,Fantasy Flight Games Emerald Empire: The Essential Guide to Rokugan
MMS,KEYNOTESPEAK,MMS Keynote Speaking for Magicians by Paul Rohmany - Book
KC,KCP010002,"Kev & Cooper Playtime Collection Road Map Educational Area Rug - 3'3"" x 4'7"""
DC,KC DCBS BG01,DC Comics KC DCBS BG01 Justice League DC Bombshells Batgirl High Detail Collectible Keychain
JOZEFINA,JW96881K,"JOZEFINA ATELIER Collection by JOZEFINA Bunny Lawyer Money Box, Multicolor"
DIAMOND,JUN192385,DIAMOND SELECT TOYS DC Gallery: Harley Quinn Rebirth PVC Figure
DC,JUN188984,DC Collectibles Aquaman Movie: Mera Resin Statue
DC,JUN128338,DC Direct Justice League: Aquaman Action Figure
DC,JUL180806,"DC Collectibles Harley Quinn Pink, White & Black: Valentine's Variant by Stanley Artgerm Lau Resin Statue"
DIAMOND,JUL172798,DIAMOND SELECT TOYS Marvel Spider-Man Homecoming: Spider-Man (Web Glider Version) Resin Figure Bust
DIAMOND,JUL172792,DIAMOND SELECT TOYS Justice League Movie: Superman Vinimate Vinyl Figure
DC,JUL160449,DC Collectibles Designer Series: The Flash by Francis Manapul Statue
RYANS,JPL79225,RYAN'S WORLD YouTube Trunk- Red Titan
PJ,JPL24586,PJ Masks Deluxe Talking Cat Boy Figure
JACKPOT,JP-EL-Bed-Pink-Camo-White,"JACKPOT! Princess Low Loft Bed with Slide Pink Camo Tent and Tower, Loft Bed, Twin, White"
WALIKI,JBS-RAINBOW-19,WALIKI Hopper Ball for Kids 7-9 | Hippity Hop | Jumping Hopping Ball | Bouncy Ball | Field Day
PULCHRA,JAN198012,Pulchra The Saga of Tanya The Evil: Tanya Von Degurechaff 1: 7 Scale PVC Figure
DC,JAN190710,DC Cover Girls: Black Canary by Joëlle Jones Statue
DIAMOND,JAN182376,DIAMOND SELECT TOYS Marvel Gallery Black Panther Movie Killmonger PVC Diorama
DC,JAN160371,DC Collectibles' Suicide Squad The Joker Statue
INK,IIK10-047,INK+IVY Kids Luna Comforter Set
INK,II13-631,"INK+IVY Kids Woodland Full/Queen Girls Boys Kids Quilt Set - Yellow Aqua, Animal – 4 Piece Kids Bedding Set – Cotton Quilt Sets Coverlet"
HOMES,IDF-3076-SF,"HOMES: Inside + Out Jewett Sofa, Brown"
K,I200202701,K2 Skate Men's MOD 110 Inline Skate
K,I200200801,K2 Skate Women's Kinetic 80 Pro Inline Skate
K,I200200701,K2 Skate Men's Kinetic 80 Pro Inline Skate
K,I200200501,K2 Skate Men's Kinetic 80 Inline Skate
K,I190201001,K2 Alexis 80 Boa Womens Inline Skates
K,I190200901,K2 F.I.T. 80 Boa Inline Skates
K,I180202101105,"K2 Skate Men's Kinetic 80 Pro Inline Skate, Black White, 10.5"
K,I180201901075,"K2 Skate Men's Kinetic 80 Inline Skate, Black Green Yellow, 7.5"
K,I170202101075,"K2 Skate Mod 110 Inline Skates, Size 7.5, White/Red"
K,I170200201200,K2 Skate Girls Marlee Inline Skate
K,I1504022010-P,K2 Skate Wheel (Pack of 4)
IELLO,I 51090,IELLO Titanium Wars Board Game
KSS,HU-7289-3 x4-P,KSS Outdoor Asphalt Formula 89A Inline Skate X4 Wheels
RCD,HRC55013,HiTec RCD 55013 HS-65HB Mighty Karbonite Feather Servo
HPI,HPI85632,HPI Racing 85632 Servo Mount and High Link Bracket Set Wheely King
HPI,HPI103675,HPI Racing 103675 Battery Holder Set
HPI,HPI102514,HPI Racing 102514 HD Drive Gear 18-23 Tooth (1m)
HBO,HBO10,HBO Game of Thrones Trivia Game
HBO,HBO08,HBO Game of Thrones: Westeros Intrigue
CAGE,HB137,"A&E Cage Company HB137 Happy Beaks Wood Rectangle with Rope Assorted Bird Toy, 4 by 17"""
U,H205,"U.S. Toy Plastic Top Hats, Pack of 12, Black"
ORE,H-60,ORE International Kids' Primary-Color Drawing Board Easel
CMON,GUG023,CMON Zombicide: Guest Keven Walker
CMON,GUG0019,CMON Zombicide: Zombie Dogs Board Game (5 Set)
NJ,GP 100,NJ Croce Gumby Bendable Figure
VCNY,GN3-STS-FULL-IN-BLUE,VCNY Home Gangsta Shark Pillowcase and Sheet Sets Full Blue
GMP,GMP-18920,GMP 1:18 Home Improvement (1991-99 TV Series) - 1991 Ford Mustang GT - Deep Emerald Green GMP-18920
G,GMA51410S,G-Made 51410S R1 Shock Brace (2)
REALBUG,GL01,"REALBUG 3 3/8 "" Chafer Beetle Marble"
WWE,GKP26,WWE Rey Mysterio Elite Collection Action Figure
WWE,GGP04,WWE Wrekkin John Cena Action Figure
DC,GGB39,DC Comics Multiverse Red Robin Figure
GE,GE-7053,GE Animation Sonic the Hedgehog: Classic Amy Plush
GE,GE-52997,GE Animation Great Eastern GE-52997 Attack On Titan Eren Sitting Pose Stuffed Plush
WWE,GDD29,WWE Best of Attitude Era Triple H Action Figure
WWE,GDB96,WWE Wrestlemania Elias Action Figure
WWE,GDB89,WWE Smackdown Live Ring
DC,GCW46,DC Comics Shazam! Eugene Action Figure
MIDWAY,GCVL-908,MIDWAY MONSTERS Milk Bottle Toss Carnival Game with 3 Balls
GIGAMIC,GCQO,Quoridor
WWE,GCL38,WWE Randy Orton Elite Collection Action Figure
WWE,GCL35,WWE Rowan Elite Collection Action Figure
WWE,GCB77,WWE Ariya Daivari Action Figure
WWE,GCB56,WWE Kurt Angle Action Figure
DC,GBY53,DC Super Hero Girls: Teen to Super Life Supergirl Doll
U,Football-01,"U.S. Toy Dozen Foam Mini, Football Stress Balls"
LAUR,FYH53,Rose Art LAUR DIY Letter Board Kit
DC,FVY90,DC Comics Multiverse DC Rebirth the Ray Figure
HOMES,FROG,"ioHOMES Kiddy Contemporary Microfiber Upholstered Creature Foldable Frog Lounge Chair with Doubles As Booster Seat, Green"
WWE,FPT10,WWE Best of Attitude Era Chris Jericho Action Figure
WWE,FMH79,WWE Wrestlemania Elite Kevin Owens Figure
WWE,FMG34,WWE Big Cass Elite Collection Action Figure
WWE,FMD60,WWE Sami Zayn Action Figure
A,FLPUCK,A&R Sports Floor Puck
DC,FJG70,DC Super Hero Girls Cheetah Action Figure
NCAA,FIDNCSPIN3TMVT,"NCAA Diztracto Fidget Spinnerz - 3 Way, Virginia Tech Hokies, One Size"
FOCO,FIDDISSPIN3MATER,"FOCO Disney Cars Diztracto Spinnerz Three Way Set-Mater Spinner Toy, Tan, 3"" x 2.75"""
DC,FGM17,DC Justice League Cyborg Belt & Blast Pack
DC,FGM10,DC Comics Justice League Superman Action Gear Pack
WWE,FGF40,WWE Monster Jam Rev Tredz Vehicle
X,FFGSWZ31,X-Wing 2ND Ed: Vulture-Class Droid Fight
X,FFGSWZ13,X-Wing Second Edition: BTL-A4 Y-Wing
FFG,FFGSWD13,Fantasy Flight Games Star Wars Destiny: Across The Galaxy
FFG,FFGAHB01,Arkham Horror Third Edition
DC,FEB190625,DC Designer Series: Black Label Batman by Lee Bermejo Statue
DIAMOND,FEB182295,DIAMOND SELECT TOYS DC Injustice Batman Vinimate Vinyl Figure
DIAMOND,FEB182293,DIAMOND SELECT TOYS Batman The Animated Series: Ra's Al Ghul Resin Bust Figure
WWE,FCH36,"WWE Dean Ambrose & Brock Lesnar Action Seried 43 B Figures, 2 Pack"
A,F8330,A+ChildSupply Arch Blocks
ES,ES1 Gen2,"Segway Ninebot ES1 Gen2 Electric Kick Scooter, Lightweight and Foldable, Upgraded Motor Power, Dark Grey (New Version)"
EPIKGO,EPIKGO Sport,"EPIKGO Sport Balance Board Self Balance Scooter Hover Balancing Board -UL2272 Certified, All-Terrain 8.5” Racing Wheels, 400W Dual-Motor,LG Smart Battery, Board Hover Over Tough Road Condition-Black"
POSH,EMO-PPTH-GE,"Posh Home Pompom Velvet Emoji Fleece Plush Throw, Super Soft Large Oversized Cozy Lightweight Blanket for Toddlers Kids Teens and Young Adult"
ECR,ELR-20102-AS,"ECR4Kids 6-Drawer Mobile Organizer, Assorted Colors"
ECR,ELR-19247,ECR4Kids KORXX Eco-Blox with Storage Container - Cork Building Block Set for Kids (35-Piece Kit)
ECR,ELR-17252,ECR4Kids Birch 12 Cubbie Tray Cabinet
ECR,ELR-12401,"ECR4Kids ELR-12401 Assorted Colors Sand and Water Adjustable Activity Play Table Center with Lids, Square (2-Station)"
ECR,ELR-0428-AS,"ECR4Kids Birch Multi-Section Storage Cabinet with 15 Scoop Front Bins, Assorted Colors"
ECR,ELR-0427-CL,"ECR4Kids Birch 25 Cubbie Tray Cabinet with Scoop Front Bins, Clear"
FOCO,ELENCTHBNKOU,FOCO NCAA Unisex Thematic Elephant Bank
E,EFLR7156,"E-flite 13G Digital Servo, EFLR7156"
E,EFLM72252,"E-flite Prop Adapter: VisionAire, EFLM72252"
E,EFLAEC501,"E-flite EC5 Device Connector (2), EFLAEC501"
NERF,E7392CU1,"NERF Fortnite 3 Dart-Firing Micro Trio -- Includes 3 Blasters & 6 Official Elite Darts -- for Kids, Teens, Adults"
DREAMWORKS,E7043,"DREAMWORKS TROLLS World Tour Mermaid, Collectible Doll with Microphone Accessory, Toy Figure Inspired by The Movie Trolls World Tour"
BEYBLADE,E6705AS00,BEYBLADE Bey SST Hades H3
BEYBLADE,E6704AS00,BEYBLADE Bey Turbo Valtryek V3
BEYBLADE,E5956AS00,Bey SST Tt Treptune T3
JOLEES,E5021861,"Jolees E5021861 Boutique Dimensional Stickers, Japan"
BEYBLADE,E4723AS00,"BEYBLADE Burst Turbo Slingshock Ogre O4 Single Battling Top, Right-Spin Attack Type, Age 8+"
SUPERSOAKER,E2999,SUPERSOAKER Super Soaker Floodtastic 4 Pack
SUPERSOAKER,E2907,SUPERSOAKER Super Soaker Hydra
NERF,E2849,"Megalodon Nerf N-Strike Mega Toy Blaster with 20 Official Mega Whistler Darts Includes: Blaster, Drum, 20 Darts, & Instructions"
NERF,E2657F07,NERF Accustrike Mega Bulldog
ODYSSEY,E1550,"Odyssey Toys Hape Chunky Number Puzzle (10 Pieces), Multicolor, 5'' x 2''"
IZOD,Double Plaid,"IZOD Double Plaid Sheet Set, Twin, Red/Blue"
ICS,Die cast transformer,"ICS CIS 1:32 Die Cast Transformable Car to Robot with Sound/Light Vehicle, Yellow"
WWE,DXG60,WWE Elite Collection Raw Main Event Ring Playset
WWE,DXG16,WWE Sami Zayn Action Figure
WWE,DXF89,WWE Austin Aries Action Figure
DRESS,DMCMA9309A,"DRESS MY CRAFT/CRAFTER'S 3PL DMCMA9309A Miniature, Santa Claus Figure"
DRESS,DMCMA10893A,"DRESS MY CRAFT/CRAFTER'S 3PL DMCMA10893A Miniature, Cute Little Boy Figure"
DRESS,DMCMA10882A,"DRESS MY CRAFT/CRAFTER'S 3PL DMCMA10882A Miniature, Cute Little Girl Figure"
WWE,DJR89,"WWE Figure 2-Pack, Adam Rose & Bunny"
DJECO,DJ07653,DJECO Puzz Art Sea Horse Jig Saw Puzzle
DJECO,DJ07602,DJECO Abracadabra Gallery Large Jig Saw Puzzle
DJECO,DJ06201,DJECO BigaBasic Wooden Puzzle
DJECO,DJ06102,DJECO BabyRaini Infant Rattle
BOOMCO,DHD50,BOOMco. Slambow Blaster
PULCHRA,DEC189062,Pulchra Ssss.Gridman: Rikka Takarada 1: 6 Scale PVC Figure
IDW,DEC180809,"IDW Games Teenage Mutant Ninja Turtles: Ninja Pizza Party, Multicolor"
DC,DEC180678,"DC Collectibles Artists Alley: Batgirl (Black & White Variant) by Chrissie Zullo Designer Vinyl Figure, Multicolor"
DC,DEC170420,DC Collectibles DCTV: Black Lightning Resin Statue
DC,DEC080271,DC Comics AME-Comi: Black Canary PVC Figure
DJECO,DC5108,DJECO Card Game – Pipolo
DC,DC345574,DC Collectibles DC Comics Blueline Wonder Woman by Jim Lee Action Figure
DC,DC035,DC Comics: Batman (with Bonus Part) Ikemen Statue
NJ,DC 3922,"NJ Croce Batman Classic TV Series Robin Bendable Figure, Multicolor"
NJ,DC 3920,NJ Croce Batman Classic TV Series Bendable Boxed Set
AMAV,Cotton Candy Party,"AMAV Cotton Candy Party Building Kit. Your children will love this delicious treat, and probably you will too"
JACKPOT,Castle Low Loft Stairway Bed with Slide,"JACKPOT! Castle Low Loft Stairway Bed with Slide Blue & White Tent and Tower, Loft Bed, Twin, Gray"
REALBUG,CT5041,REALBUG Resin Coaster with Amethyst
DJI,CP.MA.00000080.01,DJI Smart Controller
COBI,COBI-24114,"COBI Jeep Wrangler Rubicon, Vehicle"
COBI,COB24305,"COBI Small Army NATO Armored All-Terrain Vehicle Building Kit, Desert"
COBI,COB02391,COBI Historical Collection M3 Grant Tank
COBI,COB02029,COBI Historical Collection Polish Soldiers
JC,CLO15030LightPink,"JC Toys Light Pink Romper (up to 16"")"
GEENNY,CF-2079-L,"GEENNY Lamp Shade, Air Show Airplane Aviator"
GEENNY,CF-2077-L,"GEENNY Lamp Shade, Monkey GO Happy"
S,CF-12841,Colored Wooden Block Set
CEN,CEGGS089,CEN Racing GS089 17T Pinion Gear
CEN,CEGCKR0205,CEN Racing Ckr0205 Aluminum Differential Gear Box
CDX,CDX-MPS-01,CDX Blocks Roller Coaster Motor & Power Supply
DII,CAMZ37634,"DII 100% Cotton 6x14x4 Wine Halloween Holiday Set/2-All, Hallows Eve Bags"
DII,CAMZ10046,"DII Collapsible Polyester Storage Basket or Bin with Durable Cotton Handles, Home Organizer Solution for Office, Bedroom Closet, Toys, Laundry, Large, Aqua"
DII,CAMZ10044,"DII Collapsible Polyester Storage Basket or Bin with Durable Cotton Handles, Home Organizer Solution for Office, Bedroom Closet, Toys, Laundry, Medium Round, Pink Sorbet"
C,C40 PKG,Yamaha C40 GigMaker Classical Acoustic Guitar Package
BEYBLADE,C2333AS0,BEYBLADE Burst Starter Pack Betromoth B2
BUBABLOON,Bubabloon_BB-369,"BUBABLOON Sensory Soft Cotton Balloon Cover, Circles Yellow"
IZOD,Blake,"IZOD Blake Sheet Set, Twin XL, Khaki"
B,BX1898C1Z,"B. spaces by Battat – Totes Tidy Toy Organizer – Kids Furniture Set Storage Unit with 10 Stackable Bins – Ivory, Sea and Mint"
B,BX1884C1Z,B. Toys – Let's Glow Bowling! – Multicolored Six Pin Toy Bowling Set with Flashing Light-Up Ball & Carrying Caddy for Kids Ages 2+
B,BX1560Z,B. toys by Battat – Rain-Glow Squeeze – Light-Up Cloud Rattle for Babies 3 Months +
B,BX1520Z,B. Toys – Off The Hook – Bath & Beach Toy Boat with Squirting Toys & Hidden Storage Compartment
B,BX1518Z,B. toys by Battat – Under the Sea Jamboree – B. Softies – Musical Octopus Toy – Soft Octopus Plush with 8 Instruments - Sensory Toys for babies 10 months +
B,BX1474Z,B. toys – Oddballs - 4 Sensory Toy Balls in Warm Colors for Toddlers Aged 6 Months +
B,BX1393Z,B. toys – Happy Go Piggy – Wooden Pull Toy – BPA Free Walk-A-Long Pull toy for Toddlers 18 months +
B,BX1392Z,B. toys – Happy Go Puppy – Wooden Pull Toy – Walk-A-Long Pull Toy For Toddlers 18 Months+
B,BX1307C1Z,"B. toys – B. Ready Beach Bag – Beach Tote with Mesh Panel and 11 Funky Sand Toys – Phthalates and BPA Free – 18 m+, Lime Bucket"
IOTC,BR 48256B,IOTC Small Pull-Out Telescope
C,BKGC-16733,"C.R. Gibson 'Color It!' Washable Gel Crayons for Kids, 8 Pack"
RUSTIK,BJR000129,"Rustik BJR000129 Tock Game 6 Players, Multicolor"
FOCO,BHENTJLMSM,"FOCO DC Comics Justice League Character Bobble, Superman"
BRAIN,BGP5151,"Brain Games Voila! Board Game - A Fast and Fun Family Board Game - Play with Kids, Teenagers and Adults - Award Winning Games for Children, Families & Casual Gamers"
CMON,BBN001,CMON Bloodborne
C,BBB8-20677,C.R. Gibson Gibby & Libby My First Library Board Book
UD,BB2200XL,"UD Replicas Batman Begins Movie Replica Motorcycle Pants, X-Large"
WALIKI,BB-GREEN,WALIKI Bouncy Horse | Inflatable Hopping Animal | Toddler Riding Horse | Hoppy Horse Hopper | Green
B,BA-BB-3,B-Air BB-3 Wacky Waving Inflatable Tube Man 3/4-HP Blower for Arm Flailing Advertisement Puppet Dancer (Puppet Not Included)
NERF,B07RRYQPPQ,NERF Ultra One Motorized Blaster -- 25 Ultra Darts -- Farthest Flying Darts Ever -- Compatible Only Ultra One Darts
X,B07RBBV4P7,X-Shot Chaos Orbit Dart Ball Blaster (100 Rounds) - Double Blaster Pack by Zuru
NERF,B07LG22782,"NERF Infinus N-Strike Elite Toy Motorized Blaster with Speed-Load Technology (FFP), Brown"
AMAV,B07GDCN72S,"AMAV Toys 3D Unicron & Pegasus Painting Kit - All Inclusive & Ready to Paint - Enhance Creativity, Imagination & Improve Motor Skills - Best DIY Activity - Ideal Present for Unicorn Lovers Aged 3+"
SIMILKY,B078RMBSPF,"SIMILKY Remote Control Car, 4WD RC Stunt Car Rotate 360 Double Sided Race RC Car Maketheone Electric Stunt Rock Crawler Unstoppable RTR Buggy High Speed Rc Trucks (Green)"
WE,AZWTOTMSWT,"WE Furniture Twin Bunk Bed, Walnut"
DIAMOND,AUG182582,DIAMOND SELECT TOYS Marvel Comic Gallery: Squirrel Girl PVC Diorama Figure
DC,AUG150319,DC Collectibles Batman: Arkham Knight: Man-Bat Action Figure
ASSOCIATED,ASC71020,ASSOCIATED 71020 CVA Kit T5M
DIAMOND,APR192532,DIAMOND SELECT TOYS Legends in 3-Dimensions: Marvel Spider-Man 1: 2 Scale Bust
DIAMOND,APR182159,"DIAMOND SELECT TOYS Marvel Gallery: Avengers Infinity War Movie Doctor Strange PVC Diorama Figure, Blue"
DC,APR180301,"DC Collectibles Gallery: The Joker by Rick Baker 1: Scale Bust, Multicolor"
DC,APR150333,DC Collectibles Arrow (TV Show): Felicity Smoak Action Figure
DC,APR130280,"DC Collectibles Yellow Lantern Power Battery & Ring Prop Replica, 1: Scale"
SOAK,AN0504-B,"Sunlite Sports Water Series Splash Ball, Colors Vary"
AMIGO,AMI18004,Duck-A-Roo! Kids Memory Game in A Duck-Shaped Box
COMFORT,AHSC-039,AIRHEAD Sun Comfort Pool Lounge
PA,ADB1097-P.19,"PA Essentials ADB1097-P.19 BumpChenille12 12pcBrown, Brown"
ADAM,ADAM,ADAM - 18 inch Boy Doll
TONY,ACTGEAR-242TH-GRN,"TONY HAWK ACTGEAR-242TH Helmet, for Skateboarding, Biking, Inline Skating, and Other Action Sports, Protective Helmet for Kids, Green"
NJ,AB 5013,NJ Croce The Joker Action Bendable Figure
ALEX,A131W,ALEX Toys Do-it-Yourself Wear Beading Around Jewelry
KINDWER,A1027,"KINDWER Aluminum Symbol, 6-Inch, Monogrammed Symbol Ampersand"
PLAYABLE,A0469,"PLAYABLE ART Ball, Spectrum 12"
LIMITED,99270,"Jada Limited Edition 4"" METALFIGS - Power Rangers - RED Ranger M334 99270"
ALEX,975S,ALEX Toys Artist Studio 5 Swirl Gel Pens
R,975,R and R Games Time's Up
AQUARIUS,95836,AQUARIUS Star Wars Luke Skywalker Action Figure Funky Chunky Magnet
PJ,95691,"PJ Masks PJ Seeker with Bonus Catboy, Owlette and Gekko Figures - Amazon Exclusive Mailer"
TY,95637,Ty Zoey - Sequin Slides med
PLAYMOBIL,9491,PLAYMOBIL Mars Rover
PLAYMOBIL,9465,PLAYMOBIL Fire Crane
PLAYMOBIL,9461,PLAYMOBIL How to Train Your Dragon Gobber The Belch with Sheep Sling
PLAYMOBIL,9386,PLAYMOBIL Spengler with Cage Car Building Set
PLAYMOBIL,9376,PLAYMOBIL Porsche Macan GTS
FUR,93604,Fur Babies World DREAMSTARS - NEESHA
FUR,93602,Fur Babies World DREAMSTARS - Kiki
LEGO,9335-000000,Lego Space & Airport Set
LOZ,9320,LOZ Building & Construction 9320 Elephant Building Blocks (250Piece)
PLAYMOBIL,9280,PLAYMOBIL Ski Lodge Building Set
PLAYMOBIL,9275,PLAYMOBIL Tiny Paws Pet Hotel
PLAYMOBIL,9260,PLAYMOBIL Mounted Police Building Figure
PLAYMOBIL,9223,PLAYMOBIL Venkman and Terror Dogs
PLAYMOBIL,9192,PLAYMOBIL NHL Florida Panthers Player
PLAYMOBIL,9061,PLAYMOBIL Aquarium Shop Building Set
PLAYMOBIL,9038,PLAYMOBIL NHL Minnesota Wild Goalie
INOVART,9000,"INOVART Kneaded Erasers Medium Size 1-1/4"" x 3/4"" x 1/4"" - 12 Per Package"
RUFFNECK,8K-66OD-W33Z,Ruffneck Scarves Red and White Bar Scarf
SLIMYGLOOP,89978-MP6,"SLIMYGLOOP Mix'Ems by Horizon Group USA- Cotton Candy, Mix & Create Your Own Pink & Purple Sparkly Gooey, Putty, Slime with Glitter & Squish Bunny Add Ins"
MON,89135,"MON AMI Plush Indian Elephant Draped with an Ornate Tribal Blanket, Grey, Orange Blanket, 11"", Fun Stuffed Toy for Boys & Girls, Soft & Huggable"
ALEX,890100,ALEX Toys Future Coders Robot Races Coding Skills Kit
LPF,8900ZZW,Kodak 1500 Piece - Quaint Cottage by The Sea
KODAK,8700,KODAK PREMIUM PUZZLES Variety of Colorful Ice Cream Jigsaw Puzzle
ETA,86875,"hand2mind Pop-Up Center, Math Games With Ten-frame (Ages 5+) - 10 Critical Thinking Activities for Kids | for Home or Classroom Center | Educational Product to Learn Addition and Subtraction"
TCG,86300,TCG Toys Rev ‘N Ride Thomas Set
STEM,86168,"hand2mind STEM in Action, Coding Robot Mouse Classroom Set, Learning Activities Exploring Basic Needs of Animal As Students Code & Program, Life Science Lesson, STEM.org Authenticated"
REVELL,854489,"REVELL USA, LLC 854489 Plastic Model KIT, 70 Pontiac Firebird"
ETA,84878,Guided Reading Fiction Questions Cards
AM,83172,AMPlifiers SJakks Pacific Extreme Kate & Scoot 2-Pack
INOVART,8300,"INOVART Calligraphy Parchment Paper Antique Gold 11"" x 14"""
NFL,81601,NFL New England Patriots Baby Rattle Set - 2 Pack
R,811,Bite Your Tongue!
JC,81061,"JC Toys 3-Piece Pink Accessory Gift Set Includes Bottle, Pacifier, and Rattle Fits Most Dolls - Ages 2+ - Designed by Berenguer Boutique Baby Doll, Pink"
NATIONAL,8004332707813,NATIONAL GEOGRAPHIC Argentinosaurus Plush
KODAK,8000,KODAK PREMIUM PUZZLES Hot Air Balloons Inflate On The Ground Michigan Jigsaw Puzzle
V,80-522700,VTech Rattle & Waggle Learning Pup
V,80-522350,"VTech Crazy Legs Learning Bugs, Pink"
V,80-518600,VTech Scoop & Play Digger
V,80-517700,"VTech Zoo Jamz Rock & Roar Karaoke, Yellow"
V,80-513200,VTech Twist and Hug Koala Rattle
V,80-506800,VTech Tummy Time Discovery Pillow
V,80-505400,VTech Pop-a-Balls Pop and Surprise Ball Center
V,80-502960,"VTech Baby Lil' Critters Shake and Wobble Busy Ball Amazon Exclusive, Purple"
V,80-502400,VTech Pop-a-Balls Pop & Play Snail
V,80-502060,VTech Farm Fun Storybook
V,80-221100,VTech Touch and Learn Activity Desk Deluxe Expansion Pack - Numbers and Shapes
V,80-213300,"VTech InnoTab 3 Gel Skin, Non pink"
V,80-198000,"VTech Peppa Pig Scribbles & Sounds Doodle Board, Pink"
V,80-196600,VTech Baby Amaze Sleep and Soothe Lullaby Doll
V,80-193809,VTech KidiZoom Smartwatch DX2 Special Edition Skateboard Swoosh with Bonus Royal Blue Wristband
V,80-190300,VTech Paw Patrol Chase on the Case Cruiser
V,80-185600,VTech Baby On-The-Moove Activity Bar
V,80-181951,"VTech Sit-To-Stand Ultimate Alphabet Train (Frustration Free Packaging), Pink"
V,80-179101,VTech Zoo Jamz Piano (Frustration Free Packaging)
V,80-169300,VTech Write and Learn Creative Center
V,80-166660,VTech Turn & Learn Driver Amazon Exclusive
V,80-166300,VTech Stack and Sing Rings
V,80-165879,"VTech Kidi Star Karaoke Machine, Black"
V,80-152700,VTech Go! Go! Smart Wheels Spinning Spiral Tower Playset
V,80-150309,"VTech Click and Count Remote, Black"
V,80-146189,"VTech Touch and Swipe Baby Phone, Blue"
V,80-128700,VTech Spinning Tunes Music Player
V,80-123000,VTech Pop and Count Vacuum
V,80-119700,"VTech Go! Go! Smart Wheels Ambulance, Multicolor"
KNEX,78750,K’NEX Education – Kid K’NEX Group Building Set – 131 Pieces – Ages 3+ – Preschool Educational Toy
KNEX,78620,"K’NEX Education – Intro to Simple Machines: Wheels, Axles, & Inclined Planes Set – 221 Pieces – Ages 8+ Engineering Educational Toy"
ETA,78350,"ETA hand2mind, Advanced Molecular Model Kit, (41171)"
HANSA,7819,"HANSA - Fox Papa, 12"""
DONCO,780ATW_750C-TP,"DONCO KIDS Circles Low Loft Bed with Pink Tent, Twin, White"
HANSA,7783,"HANSA - Spinosaurus 28"", Gray"
ALEX,778,Alex Active Monkey Kids Toddler Balance Board
BEN,77401,BEN10 Heatblast Rocket Flyer Vehicle w/Figure
KNEX,77078,K'NEX Education ‒ STEM Explorations: Roller Coaster Building Set – 546 Pieces – Ages 8+ Construction Education Toy
YO,765940757598,"YouNiverse Crystal-Growing Jewelry by Horizon Group Usa, DIY Crystal Jewelry Making Kit, Pink Violet & Blue"
OLIA,763685000000,"OLIA DESIGN My Dog Piggy Bank - Robotic Coin Munching Toy Money Box, Brown"
ADI,7630T7BEAR,"ADI American Dawn Tub Time Tots Kids Hooded Bath Wrap, 2Piece Set, Bear"
EDX,75152,EDX Education 75152 Eco Friendly Junior Rainbow Pebbles Activity Set
FATHEAD,75-75048,"FATHEAD Jake and The Neverland Bucky The Pirate Ship-Huge Officially Licensed Disney Removable Wall Decal, 59"" W x 69"" H"
FATHEAD,72-72059,FATHEAD AH-64 Apache Longbow Helicopter Real Decals
MLB,71581-1,MLB Series 27 Albert Pujols 5 - Cardinals Action Figure
ALEX,713N,ALEX Toys Artist Studio First Art Desk
L,713262645703,PartyWoo Valentines Day Balloons 12 inches Printed Heart Balloons 50 Packs for Wedding Decoration Baby Shower Birthday Decoration - Printed Heart
ALEX,712WNS,ALEX Toys Artist Studio Ready Set Art Table
MOLUK,70K,"MOLUK Nigi, Nagi, Nogi - Primary Colors"
PLAYMOBIL,70172,PLAYMOBIL Ghostbusters Collector's Edition P. Venkman
PLAYMOBIL,70109,PLAYMOBIL Beauty Salon Play Box
PLAYMOBIL,70094,Playmobil Mermaid Cove with Illuminated Dome
PLAYMOBIL,70045,PLAYMOBIL How to Train Your Dragon III Astrid & Hiccup
PM,70015,Playmobil My Café
PLAYMOBIL,6934,PLAYMOBIL Horse Stable with Araber Building Set
PLAYMOBIL,6926,PLAYMOBIL Horse Farm Building Set
FATHEAD,69-01919,FATHEAD Gymnastics Silhouette Real Decals
FATHEAD,69-01912,FATHEAD Horse Collection Real Decals
FATHEAD,69-00001,FATHEAD Assorted Sports Ball Graphics Graphic Wall Décor
PLAYMOBIL,6796,PLAYMOBIL 1.2.3 Girl with Dog
AMY,6703.0,"AMY COE Coco Bear Plush, Black"
PRINZ,6628-6001,PRINZ Man Money Curse Fund Piggy Bank
NKOK,6621,"NKOK Ghostbusters Animated B/O Ecto1 with Slimer B/O 1, Ghost Catcher"
M,659939,"M-Wave L205 Alloy Folding Scooter, 200mm"
DREAMWORKS,65291,DREAMWORKS TROLLS World Tour 11-Piece Poppy Styling Head
FLAGHOUSE,6511AMZ,FlagHouse The SensaRing
DREAM,65104,DREAM COLLECTION Play Food Basket - 40Piece
ALEX,650015-5,Alex DIY Sew Corky Elephant Plush Kids Art and Craft Activity
L,649868,"L.O.L. Surprise! 550E Rechargeable Electric Scooter - Ride On Ul 2272 Certified, Multicolor"
GUILD,645065HO-1,"Sterling Home Round Chair Side chest of drawers, Multicolor"
T,6356,T.S. Shure Cowboys & Rodeo Discovery Book
CASDON,634,CASDON Sat Nav Steering Wheel
LEGO,6288986,"LEGO Star Wars Resistance Y-Wing Microfighter 75263 Cool Toy Building Kit for Kids, New 2020 (86 Pieces)"
LEGO,6288750,"LEGO Trolls World Tour Volcano Rock City Concert 41254, Cool Trolls Toy Building Kit for Kids, New 2020 (387 Pieces)"
LEGO,6288720,"LEGO Creator 3in1 Propeller Plane 31099 Flying Toy Building Kit, New 2020 (128 Pieces)"
LEGO,6288708,"LEGO Minecraft The Panda Nursery 21158 Construction Toy for Kids, Great Gift for Fans of Minecraft and Pandas, New 2020 (204 Pieces)"
LEGO,6288704,"LEGO Minecraft Creeper BigFig and Ocelot Characters 21156 Buildable Toy Minecraft Figure Gift Set for Play and Decoration, New 2020 (184 Pieces)"
LEGO,6287454,"LEGO Star Wars: The Rise of Skywalker Millennium Falcon 75257 Starship Model Building Kit and Minifigures, New 2019 (1,351 Pieces)"
AMERICAN,6287219,"AMERICAN GREETINGS Party Supplies Birthday Candle, Number 8 (1-Count)"
LEGO,6283914,"LEGO Speed Champions 1974 Porsche 911 Turbo 3.0 75895 Building Kit, New 2019 (179 Pieces)"
LEGO,6278925,"LEGO Ideas 21318 Tree House Building Kit, New 2019 (3036 Pieces)"
LEGO,6278191,"LEGO Jurassic World T. rex vs Dino-Mech Battle 75938, New 2019 (716 Pieces)"
LEGO,6277354,"LEGO Creator Expert Corner Garage 10264 Building Kit, New 2019 (2569 Pieces), Frustration-Free Packaging"
LEGO,6273247,"LEGO Ideas 21317 Disney Steamboat Willie Building Kit, New 2019 (751 Pieces)"
LEGO,6265422,"LEGO Friends Stephanie’s Summer Heart Box 41386 Building Kit, New 2019 (95 Pieces)"
LEGO,6253557,"LEGO Ideas Voltron 21311 Building Kit (2321 Pieces), Frustration-Free Packaging"
LEGO,6251794,"LEGO Speed Champions 2018 Dodge Challenger SRT Demon and 1970 Dodge Charger R/T 75893 Building Kit, 2019 (478 Pieces)"
LEGO,6251784,"LEGO Minecraft The Blaze Bridge 21154 Building Kit, New 2019 (370 Pieces)"
LEGO,6251757,"LEGO City Garage Center 60232 Building Kit, New 2019 (234 Pieces)"
LEGO,6251704,"LEGO City Rover Testing Drive 60225 Building Kit, New 2019 (202 Pieces)"
LEGO,6251567,"LEGO Technic Liebherr R 9800 Excavator 42100 Building Kit, New 2019 (4,108 Pieces)"
DR,62515,DR- Cat II AS 500pc Puzzle
LEGO,6251485,LEGO Marvel Avengers Iron Man Hall of Armor 76125 Building Kit - Marvel Tony Stark Iron Man Suit Action Figures (524 Pieces)
LEGO,6251456,"LEGO DC Batman Batmobile: Pursuit of The Joker 76119 Building Kit, New 2019 (342 Pieces)"
LEGO,6251079,"LEGO DC Batman: Batman Batsub and the Underwater Clash 76116 Building Kit, 2019 (174 Pieces)"
LEGO,6251063,"LEGO Disney Frozen II Elsa’s Jewelry Box Creation 41168 Disney Jewelry Box Building Kit with Elsa Mini Doll and Nokk Figure for Creative Play, New 2019 (300 Pieces)"
LEGO,6250992,"LEGO Disney Ariel’s Seaside Castle 41160 4+ Building Kit, 2019 (115 Pieces)"
LEGO,6250893,"LEGO Creator Expert Gingerbread House 10267 Building Kit, New 2020 (1,477 Pieces)"
LEGO,6250849,"THE LEGO MOVIE 2 Queen Watevra’s ‘So-Not-Evil’ Space Palace 70838 Building Kit, New 2019 (995 Pieces)"
LEGO,6250814,"LEGO THE LEGO MOVIE 2 Rex’s Rex-treme Offroader! 70826 Dinosaur Car Toy Set For Boys and Girls, Action Building Kit, 2019 (236 Pieces)"
LEGO,6250807,"LEGO THE LEGO MOVIE 2 Emmet’s Thricycle! 70823 Three-Wheel Toy Bicycle Action Building Kit for Kids, 2019 (173 Pieces)"
LEGO,6250778,"LEGO Creator 3in1 Deep Sea Creatures 31088 Make a Shark, Squid, Angler Fish, and Crab with this Sea Animal Toy Building Kit (230 Pieces)"
LEGO,6250750,"LEGO DUPLO Town Tropical Island 10906 Building Bricks, New 2019 (73 Pieces)"
LEGO,6250705,"LEGO DUPLO Disney Juniors My First Mickey Build 10898 Building Bricks, 2019 (9 Pieces)"
LEGO,6250560,"LEGO NINJAGO Spinjitzu Zane 70661 Building Kit, 2019 (109 Pieces)"
LEGO,6250498,"LEGO Hidden Side El Fuego’s Stunt Truck 70421 Building Kit, Ghost Playset for 8+ Year Old Boys and Girls, Interactive Augmented Reality Playset, New 2019 (428 Pieces)"
ALEX,623020-3,ALEX Spa Fab Foil Tattoos Pink
LEGO,6225344,LEGO Classic World Fun 10403 Building Kit (295 Piece)
LEGO,6222927,"LEGO Creator Expert Taj Mahal 10256 Building Kit and Architecture Model, Perfect Set for Older Kids and Adults (5923 Pieces)"
LEGO,6214669,LEGO BrickHeadz Halloween Witch 40272 Building Kit (151 Pieces)
LEGO,6213725,"LEGO Technic Bugatti Chiron 42083 Race Car Building Kit and Engineering Toy, Adult Collectible Sports Car with Scale Model Engine (3599 Pieces)"
LEGO,6213581,LEGO Classic Creative Suitcase 10713 Building Kit (213 Pieces)
LEGO,6213403,LEGO Creator 3in1 Mythical Creatures 31073 Building Kit (223 Pieces)
LEGO,6213322,LEGO The Powerpuff Girls Mojo Jojo Strikes 41288 Building Kit (228 Pieces)
LEGO,6212852,LEGO DUPLO My First Animal Brick Box 10863 Building Blocks (34 Pieces)
LEGO,6212813,LEGO Minifigure Series 18: Party - 1 Figure Building Kit 7 pieces
LEGO,6212609,LEGO Marvel Super Heroes Avengers: Infinity War The Hulkbuster: Ultron Edition 76105 Building Kit (1363 Pieces)
ALEX,621110-3,Alex Spa Color Shift Ombre Nails Girls Fashion Activity
LEGO,6209768,LEGO City Dirt Road Pursuit 60172 Building Kit (297 Pieces)
KENT,62085,"KENT Tiki Bay Kid's Cruiser Bike, 20"""
TCG,62020,TCG Toys The Wiggles Jumbo Megamat
FLAGHOUSE,6201AMZ,Ringing Basketball
LEGO,6176897,LEGO Technic Power Functions Motor Set 8293 (10 Pieces)
LEGO,6174682,LEGO Friends Heartlake Surf Shop 41315 Building Kit (186 Pieces)
LEGO,6174645,"LEGO City Jungle Explorers 6174645 Air Drop Helicopter, Multi"
LEGO,6174567,LEGO City Advent Calendar 60155 Building Kit
NECA,61492,NECA Avengers Age of Ultron (Movie) - Body Knocker - Thor
LEGO,6137899,LEGO Angry Birds 75825 Piggy Pirate Ship Building Kit (620 Piece)
GUND,6054618,"GUND Hello Kitty 45th Anniversary, 17"""
GUND,6054617,"GUND Hello Kitty Pink Outfit, 9.5"""
GUND,6054368,"GUND Aggretsuko Rage Sound Plush, 12"
GUND,6054366,"GUND Aggretsuko Rage, Multicolor, 7"
GUND,6054356,"GUND Line Friends Sally Standing Plush Stuffed Animal Chick, Yellow, 10"""
GUND,6054308,"GUND Deluxe Pusheen Cat Plush Stuffed Animal, Grey, 16"""
GUND,6054290,GUND Baby Toothpick Mouse Teether Lovey
GUND,6052126,"GUND Baby Baby Toothpick Llama Stuffed Animal Plush Toy, 16"", Multicolor"
GUND,6052125,"GUND Baby Baby Toothpick Sloth Stuffed Animal Plush Toy, Taupe 16"", Multicolor"
PJ,6033891,PJ Masks Puzzle in Tin with Handle
ETA,60235,"hand2mind ETA Alphabet Letter Tiles, 278 Lowercase Tiles"
ALEX,602020,ALEX DIY Knot-A Shark Kit Playset
INOVART,6003,INOVART Presto Foam Econo Pak Printing Plates
INOVART,6002,INOVART Presto Foam Printing Plates inches 12 inches
IRIS,596755,"IRIS USA, Inc. WRS-3010 Rolling Shelf, Wide Deep, Light Brown"
IRIS,596729,"IRIS USA, Inc. WRS-2410 Rolling Shelf, Deep, Light Brown"
SCI,5951PLUS006-DS,Thermo Fisher SCI/Erie SCI 5951PLUS006-DS Daigger Premium Glass Microscope Slides Color Frost Plus Blue (Pack of 1440)
ALEX,593B,ALEX Spa Nail `Pressions - 2 Dye 4
ALEX,58EX,Alex Studio Expressions Easel Case Artist Set Kids Art Supplies
LIL,5879,"LIL TOTS Princess 14"" Doll & Unicorn Set"
ORB,57886-00,Plushcraft Owl Pillow
DC,57356,"DC Super Hero Girls Everyday Dress-Up Outfit, Batgirl"
COBI,5700,COBI Historical Collection Junkers Ju 87G German Dive Bomber
PLAYMOBIL,5686,PLAYMOBIL Picnic with Pony Wagon
PLAYMOBIL,5673,PLAYMOBIL Police Cruiser
L,566229E7C,L.O.L. Surprise! O.M.G. Styling Head Royal Bee with Stick-On Hair for Endless Styles
MGA,566052,MGA Entertainment Wreck Royale Exploding Crashing Meatloaf Race Car with 4 Mix 'N Match Explosive Parts
MGA,563082,MGA Entertainment Hangrees World's Poopiest- Wizards
L,561798,L.O.L. Surprise! O.M.G. Winter Disco Dollie Fashion Doll & Sister
PLAYMOBIL,5612,PLAYMOBIL Playground Set
L,560401,L.O.L. Surprise! Style Suitcase Electronic Playset - As if Baby
L,559740,L.O.L. Surprise! #OOTD (Outfit of The Day) Winter Disco 25+ Surprises
L,557111,L.O.L. Surprise! Fuzzy Pets with Washable Fuzz & Water Surprises
L,555117E4C,"L.O.L. Surprise! Fashion Factory Game, Multicolor"
ETA,5532,"ETA hand2mind Blue Plastic Base Ten Rods, Set of 50"
COBI,5524,COBI Small Army Yakovlev Yak-1 Plane Building Kit
COBI,5523,COBI Small Army Vought F4U Corsair
L,552277,L.O.L. Surprise! Biggie Pet- D.J. K9
COBI,5522,COBI Small Army PZL P-23B Karaś
COBI,5518,COBI Small Army Hawker Hurricane Building Kit
NECA,55060.0,NECA - E.T. The Extra-Terrestrial - Head Knocker - E.T.
NECA,54066,NECA - Teenage Mutant Ninja Turtles (1990 Movie) Prop Replica
AQUARIUS,52702,AQUARIUS Where The Wild Things are Playing Cards
AQUARIUS,52608,Aquarius Jimi Hendrix Playing Cards
GAME,51522-2PK-EF-01,"GAME 51522-2PK-EF-01 Inflatable Pool Float, Brown, 80""x48""x22"""
IELLO,51479,"IELLO The Legend of The Cherry Tree That Blossoms Every Ten Years, Game"
IELLO,51389,IELLO Arena for The Gods! Board Game
KNEX,51056,K'NEX Thrill Rides – Cobweb Curse Roller Coaster Building Set – 473Piece – Ages 9+ Construction Educational Toy Building Set
LEC,506681,LEC Battery Operated Train Accessory - Track No. 19 Straight Elevated Train Track Brown - 8 Pieces
LANG,5039117,"LANG - 500 Piece Puzzle -""Magical Evening"", Artwork by Laura Berry - Linen Finish - 24” x 18” Completed"
T,5018,T.S. Shure Rubber Band Powered Rescue Flier Model Plane Kit
CASDON,492,Casdon Electronic Toy Microwave
OTS,49161,T.O.T.S. Nursery Stroller Packaging
HARRY,48359,"Harry Potter Novelty Magnet, Multi Color"
COBI,4809,COBI Historical Collection Battleship Tirpitz
HARRY,48070,"Harry Potter 48070 Ball Pen Set, Multi Color (Pack of 2)"
HARRY,48069,Harry Potter 9 & 3/4 Platform Soft Touch Magnet
HARRY,48065,"Harry Potter 3-Pack Ball Pen Set, Multicolor"
HARRY,48043,HARRY POTTER Kawaii Hedwig Owl 3D Foam Key Ring Key Accessory
HARRY,48002,Harry Potter Gold Snitch Pewter Key Ring
HEXBUG,477-2864,"HEXBUG Fire Ant, Colors may vary"
ERTL,46720,ERTL Big Farm Logging Truck with Pup Trailer & Logs
WWE,46639,WWE Micro Maniax Battle Game with Two Bonus Figures
TOMY,46510,"John Deere 15"" Big Scoop Dump Truck Sandbox Toy with Sand Tools"
DC,45691,DC Suicide Squad The Joker Icon Pewter Key Chain
DC,45674,DC Comics Deadshot Suicide Squad Pewter Lapel Pin Action Figure
NECA,45458,NECA - IT (2017) - Deluxe Accessory Set
NECA,45351,"NECA - Valerian and The City of a Thousand Planets - 7"" Action Figure - S1 Valerian"
DC,45340,DC Batman vs Superman 3D Foam Blind Bags
DC,45194,DC Batman Soft Touch PVC Magnet
DC,45097,DC Superman Logo Soft Touch PVC Key Holder
DC,45033,"DC Lantern 2.75"" PVC Figure, Green"
R,449,Rajas of The Ganges Goodie Box
WWE,44402US01,"WWE ""Big Talker Electronic Microphone - Comes with Real Wrestling Sounds and Voice Amplification"
ALEX,436387,Alex Little Hands Ready Set Write and Wipe! ABC and 123 Kids Toddler Art and Craft Activity
ETA,42999,"hand2mind Plastic Rainbow Fraction Tower Linking Cubes, Math Manipulative, Bulk Classroom Kit (15 Sets of 51 Cubes)"
STERLING,4277,"STERLING Games 18"" Michigan Rummy Wooden Game Set Reversible Double Sided Board"
L,421627,L.O.L. Surprise! Winter Disco Bigger Surprise includes O.M.G. Fashion Doll (Amazon Exclusive)
T,4204,T.S. Shure Travel Mazes Creative Activity Mini Tin
POOF,420060-3,POOF Xtreme Flyerz Vertex 100 Kids Outdoor Plane
ETA,42,"Natural Wood GeoSolids Shapes, Set of 19 Blocks"
KENT,41655,"Kent Starshine Bike, 16-Inch"
PIONEER,41611,"PIONEER BALLOON COMPANY 41611 B'day Radiance Foil Balloon, 18"", Blue"
GDC,4102649,Go Matria
ALEX,41,Alex Super Sleuth Kit Kids Spy Kit
PIONEER,40923,"PIONEER BALLOON COMPANY Round Big Polka Dots, 11"", Orange"
T,4089,T.S. Shure Noah's Ark Magnetic Tin Playset
GUND,4061444,"GUND Pusheen Fancy and Unicorn Magical Kitties Plush Deluxe Keychain Clip, Multicolor, 8.5"""
GUND,4061333,"GUND Baby Toothpick Flamingo Plush Stuffed Animal 12"", Pink"
GUND,4061325,"GUND Fashionable Flamingo Plush Stuffed Animal, Pink, 19”"
GUND,4061316,"GUND Sebastian Tuxedo Cat Stuffed Animal Plush Toy, 14"""
GUND,4061287,"GUND 4061287 World's Cutest Dog Boo Surprise Stuffed Animal Plush Blind Box Series #2: Animal Theme, Multicolor, 3"""
GUND,4061088,"GUND Jolly Santa Stuffed Plush, 7"""
GUND,4061085,"GUND Baby My First Christmas Reindeer Lovey Plush Blanket, 12"", Brown"
GUND,4060843,"GUND Pusheen Pusheenicorn Unicorn Cat Sound Plush Stuffed Animal, Purple, 7.5"""
GUND,4060760,"GUND Cozys Collection Frog Stuffed Animal Plush, Pale Olive, 8"""
GUND,4060748,"GUND Fanning Palomino Horse Laying Down Stuffed Animal Plush, Brown, 12"""
GUND,4060713,"GUND Gudetama “Lazy Egg with Bacon” Stuffed Animal Plush Keychain, 4.5"""
GUND,4060712,"GUND Gudetama “Two Lazy Eggs and Sausage” Stuffed Animal Plush, 8.5"""
GUND,4059985,"GUND Princess Mononoke Yakul Standing Elk Stuffed Animal Plush, 8"""
GUND,4059346,Baby GUND My Little Igloo Stuffed Plush Playset
GUND,4059088,"GUND Georgie Dog Stuffed Animal Plush, White, 10"
GUND,4056325,"GUND Sparkle Snacks Jumbo Burger Plush, 6"""
GUND,4053901,"GUND Christmas Puffers Penguin Plush, 10""/Small"
GUND,4051577,"GUND Spirited Away No Face Stuffed Plush Backpack Clip Pouch, 8"""
LEGO,40501741,"LEGO Ninjago Movie Lunchbox, Sand Green"
GUND,4048877,"GUND Pusheen Cat Plush Stuffed Animal Wrislet Purse, Gray, 8"""
GUND,4048872,"GUND Pusheen Snackables Ice Cream Plush Stuffed Animal Cat, 9.5"""
GUND,4048096,"GUND Pusheen Stuffed Animal Cat Plush, 12"""
SK,4042146336830,"Handle punch, 85mm"
LEGO,40321725,"LEGO Large Storage Head, Yellow, Girl"
RG,40313,"RG Costumes 40313 Funsies' Parker Panda, Child Small/Size 4-6"
RG,40312,"RG Costumes 'Funsies' Skippy The Flying Squirrel, Child Small/Size 4-6"
LEGO,40300632,"LEGO Round Storage Box 1, Yellow"
LEGO,4030,"LEGO Round Storage Box 1, Blue"
LEGO,40230639,"LEGO Lunch Box, Medium Pink"
LEGO,40211733-Parent,"LEGO Desk Drawer 8, Grey"
LEGO,40201733-Parent,"LEGO Desk Drawer 4, White"
LEGO,40041730,"LEGO 8-Brick Storage Box, Bright Red"
LEGO,40040639,"LEGO Storage Brick 8, Bright Pink"
LEGO,40030620,"LEGO Storage Brick 4, Lime Green"
KNEX,38147,K'NEX Nintendo Mario Kart Wii Toad Bike Building Set
DJECO,37015,DJECO The Day Giant Floor Jig Saw Puzzle
SHERWOOD,36338,Ty Tegan - Reindeer Sequin reg
TOMY,35850,"TOMY John Deere Big Scoop Tractor Toy, 21-Inch"
TOMY,35189AZ,"TOMY John Deere Sit-N-Scoot Tractor Toy, Green, One Size"
BRIO,33797,BRIO World - 33797 Firefighter Helicopter | 3 Piece Helicopter Toy for Kids Ages 3 and Up
BRIO,33510,BRIO World - 33510 Remote Control Travel Train | 4 Piece Train Toy for Kids Ages 3 and Up
BRIO,33319,BRIO World - 33319 Battery Operated Action Train | 3 Piece Toy Train for Kids Ages 3 and Up
DHP,3259298,"DHP Metal Carriage Bed, Fairy Tale Bed Frame, Shabby-Chic Style, Twin, Lilac"
DHP,3259198,"DHP Metal Carriage Bed, Fairy Tale Bed Frame, Shabby-Chic Style, Twin, Pink"
G,32382,"G.L.O.W. Poi LED - Go Light Our Word! 1 Light Stick, Multi-Color, 7"""
AMAV,3212,AMAV Sand Art Glitter & Glow Activity Kit - DIY Make Your Own Beautiful Colorful Sand Art in Bottle
WWE,31693,WWE Tug Toys
K,30E0774.1.1.080,K2 Skate Alexis 80 Boa Inline Skate
K,30E0222.1.1.L,K2 Skate Marlee Splash Inline Skate
K,30E0221.1.1.L,K2 Skate Raider Splash Inline Skate
K,30E0202.1.1.M,K2 Skate Marlee Boa Inline Skate
K,30E0201.1.1.L,K2 Skate Raider Boa Inline Skate
K,30E0190.1.1.090,K2 Skate Alexis 84 Boa Inline Skate
K,30E0190.1.1.070,K2 Skate Alexis 84 Boa Inline Skate
K,30E0114.1.1.105,K2 Skate Alexis 84 Pro Inline Skate
COBI,3035,"COBI World of Tanks PZKPFW. V Panther, Tank Insurgent"
UNFINISHEDWOODCO,300601,"UNFINISHEDWOODCO 300601 11.5"" Typewriter Wall Decor Letter P-White"
UNFINISHEDWOODCO,300588,"UNFINISHEDWOODCO 11.5"" Typewriter Wall Decor Letter C-White"
DARICE,30058603,"Darice Kids Plastic Bowling Set: Includes 10 Pins, 2 Bowling Balls, 1 Plastic Carrying Caddy"
SET,3000-1,WordSpiel Card Game
OTC,3-1377,Fun Express OTC_12 Large Galvanized Buckets
COBI,2982,COBI Historical Collection Sturmpanzerwagen A7V Tank
LAMO,29006,"LAMO 5"" Vinyl Figure - Legacy Gamers Dr Disrespect, Red"
ALEX,289P,ALEX Toys Artist Studio Drawing Paper – 50 Sheets
LITTLE,28534,Little Live Babies Little Live Bizzy Bubs Clap Baby Harper Childrens Toy
NOVICA,275090,"NOVICA Light Brown Hand Made Rain Tree Wood Tic Tac Toe Game, '3D'"
MBS,2731-Guard,MBS Pro Wrist Guards
CANAL,273007,"Canal Toys Power Dough Unicorns Interactive Dough (11Piece), Multicolor"
CANAL,273006,Canal Toys USA Ltd Power Dough Pets Medium Box Interactive Dough (17 Piece)
C,262-U88,"C.R. Gibson Pink Unicorn Stuffed Animal with Attached Baby Pacifier Clip, 6'' x 12''"
CANAL,255005,"Canal Toys So Glow DIY Magic Jar Kit-Combo Glitter Water (25Piece), Multicolor"
COBI,2522,COBI Historical Collection SD.Kfz. 9 Vehicle
S,25192,Pan Balance
COBI,2519,COBI The Tank Museum Collection Tiger 131 Sd.Kfz. 181 Panzerkampfwagen VI Ausf. E
COBI,2516,COBI Historical Collection SD.Kfz. 165 Hummel
COBI,2512,COBI Small Army DW Twin-Turret Tank
POOF,249TL,POOF Turbo Tunnel Ball
COBI,2495,COBI Small Army A12 Matilda Tank
PJ,24574,PJ Masks Mission Control HQ
JA,24539,JA-RU Fizzy Fun Animal Egg Bundle Pack
US,2451XXXXY-P,US Games Beach Ball
JA,24295,JA-RU Ultra Shot Dart Refill Bundle Pack (16 Piece)
JA,24248,JA-RU Vintage Wood Paddle Ball Party Favor Bundle Pack
JA,23632,JA-RU Classic Yoyo Game Toy Professional Yo-Yos (8 Pack Assorted Colors) . Yoyos for Kids Pinata Filler Gifts Ideas for Party Favors in Bulk | | Item # 1986-8p
POOF,2330BL,POOF Mini Mega Bow
JA,23239,JA-RU Nite Glo Mask Party Favor Bundle Pack
NCAA,23202,NCAA West Virginia Mountaineers Toy Puzzle Cube
ALEX,231,ALEX Toys Artist Studio 8 Scented Markers
T,228,T.S. Shure Doodle Games Wooden Stamp Set
NKOK,21854,NKOK 1: 18 Realtree 9Piece Ram 1500 Rebel & Polaris Ranger Elk Hunting Playset
LANG,2183001,"LANG - Cribbage Board Set - ""Grand Old Flag"" - Art by Warren Kimble - 2 Decks Poker-size Cards - Hinged Storage Board - Metal Pegs"
O,2181570,O'Brien Lotus 8' Deluxe Inflatable Water Yoga Mat
AMACO,216306,"Amaco Mexican Self-Hardening Clay, 5-Pound, Red"
NCAA,21597,NCAA Georgia Bulldogs Toy Puzzle Cube
O,2151573,"O'Brien Foam Lounge, 86 x 24, Blue"
ARP,208-4301,ARP 2084301 Head Stud Kit
DONCO,2018-FGTT,"DONCO Full House Grey Two Tone Finish LOW LOFT,"
BTB,20115357,"Bakugan Deka, Diamond Dragonoid, Jumbo Collectible Transforming Figure, for Ages 6 & Up"
ALEX,200101-5,Alex Bath People Block Squirters Kids Bath Toy
ALEX,200040,ALEX Toys Jungle Friends Block Bathtub Toy
UST,20-80-1060,"UST Learn & Live Educational Card Set with Durable, Waterproof, Compact Design and Essential Outdoor Skills for Hiking, Camping and Outdoor Survival"
UST,20-02730,"UST Learn & Live Educational Card Set with Durable, Waterproof, Compact Design and Essential Outdoor Skills for Hiking, Camping and Outdoor Survival"
HANSA,194674,Hansa Ostrich Baby Plush
GALAWAY,19265,Cra-Z-Art Nickelodeon Pancakes Squeezies
JC,18905,"JC Toys, Lucas - All-Vinyl-Anatomically Correct Real Boy 18"" Baby Doll in Denim and Deluxe Accessories, Designed by Berenguer."
WAVE,18845LG,"Luxo 18845LG Magnifier, 6.75x4.5In, LED, Gry, 1.88X Lighting, Gray"
JC,18063,"JC Toys La Newborn All-Vinyl-Anatomically Correct Real Girl 15"" Baby Doll in Pink and Deluxe Accessories, Designed by Berenguer."
JC,18059,"JC Toys La Newborn All-Vinyl-Anatomically Correct Real Girl 15"" Doll in White Eyelet Dress with Fluffy Bunny and Accessories Designed by Berenguer"
JC,18057,"JC Toys, La Newborn All Vinyl Anatomically Correct Real Boy 15"" Baby Doll in Striped Long Sleeved Pajama Outfit - for Children 2 Years & Older Designed by Berenguer Boutique - Made in Spain"
IDW,1784IDW,IDW Games Usagi Yojimbo Traitors of The Earth Premium Puzzle
LIKEWISE,173,"LIKEWISE! The laughable, lively like-minded party game!"
AMAV,1660NE,AMAV Sweet Tarts Ice Pops Maker Toy - DIY Make Real Popsicles - Best Activity for Friends to Do Together - Perfect Present for Kids Aged 4+
JC,16305,"JC Toys Berenguer Boutique 15"" African American Soft Body Baby Doll - Pink 10Piece Gift Set with Open/Close Eyes- Perfect for Children 2+"
ETA,16160,"hand2mind Double Pulley, Set of 5"
KNEX,16004,K’NEX – Turbo Jet – 2-in-1 Building Set – 402 Pieces – Ages 7+ – Engineering Educational Toy
KYDZ,1562JCA,"KYDZ Suite 1562JCA Puppet Theater, A-Height"
JC,15343,"JC Toys, La Baby Hispanic 20-inch Soft Body in Purple Play Doll - For Children 2 Years Or Older, Designed by Berenguer"
ETA,1516,"hand2mind Plastic Tangrams, Manipulative Set for Math Puzzles (Pack of 24)"
JC,15030_B,"JC Toys, La Baby 16-inch Purple Washable Soft Baby Doll with Baby Doll Accessories - for Children 12 Months and Older, Designed by Berenguer"
NECA,14956,NECA - Nightmare on Elm Street Part 3 - 8” Clothed Action Figure - Tuxedo Freddy
ALEX,1486B,Alex Little Hands String and Beep Kids Toddler Art and Craft Activity
ALEX,1408,Alex Discover Button Art Activity Set Kids Art and Craft Activity
BSN,1366514,BSN Sports Corner Flag Carry Bag
ORB,1359000100,ORB Swellimalz - Birthday Party Toy Pack. 12 Collectible Party Favor Balloon Crafts for Girls & Boys!
HASHTAGIT,135,Hashtagit! - Party Game of Tagging Photos for Ages 18 and Up
BANZAI,13263FR,BANZAI My Little School Tent
INOVART,1300,"INOVART Black Scratchboard 11"" x 14"""
ORB,125585-00,Orb Plushcraft Pizza Pillow
BSN,1251692,Foam Create-A-Beam Deluxe Set
BANZAI,11647FR,BANZAI Spin Out Slide with Spin Disk Bodyboard
WWE,111467,"WWEParty Printed Latex Balloons, Party Favor"
MICKEY,11146,Mickey Mouse Mickey and The Roadster Racers Racing Adventures
FATHEAD,1109-00006,Fathead Jurassic World Dinosaurs Collection Real Decals
DU,1091,DU-BRO Kwik Twist Fishing Tool
PRANG,10904,"PRANG Ready-to-Use Washable Tempera Paint, 32-Ounce Bottle, Green (10904)"
HQ,106544,HQ Kites Monarch L Butterfly Kite 50 Inch Single - Line Kite with Tail - Active Outdoor Fun for Ages 5 and Up
HQ,106142,"HQ Flowtail Delta 600 XL- 79 Inch Single - Line Sport Kite, Color: Rainbow - Active Outdoor Fun for Ages 12 and Up"
POP,10464,POP Star Wars: Rogue One - C2-B5
FATHEAD,1030-00002,"FATHEAD Bumblebee-Huge Officially Licensed Transformers Removable Wall Decal, 52"" W x 66"" H"
FAO,1005300,"FAO Schwarz Chalk Mandala Set with Assorted Washable Sidewalk Chalk Sticks & Stencils, Set of 38"
OOOPS,1005,TCG Toys Ooops!
HQ,100306,HQ Kites Monarch R Butterfly Kite 20 Inch Single - Line Kite with Tail - Active Outdoor Fun for Ages 5 and Up
POOF,0X8408,POOF Sonic Search Game
GUND,075888,"GUND Sesame Street Snuffleupagus Plush, 16 inches"
SES,06092,SES - Flower Pegboard
PLUS,03373,"PLUS PLUS - Construction Building Toy, Open Play Set - 3,600 Pieces with Storage Tub - Basic Color Mix"
PLUS,03322,"PLUS PLUS - Construction Building Toy, Open Play Set - 1200 Piece - Pastel Color Mix"
PLUS,03312,"PLUS PLUS - Construction Building Toy, Open Play Set - 600 Piece - Pastel Color Mix"
ARTSCAPE,02-3602,ARTSCAPE Waterlines Window Film
K,0178381,Käthe Kruse Bunny Buddy Mini Plush Grabbing White Toy Soother
AP,013-164922,"AP Products (013-164922 30.25"" Table Support"
ARTSCAPE,01-0146,"ARTSCAPE Stella Window Film 24"" x 36"""
ARTSCAPE,01-0121,"ARTSCAPE Etched Glass 24"" x 36"" Window Film, 24-by-36-Inch"
SES,00793,SES Creative Pegboard-Dog Arts and Crafts
UPS,00043,"UPS Guy Boy's Costume, Medium (3-4),Brown"
RAVE,00002,RAVE Sports 00002 Dock Slide
FRE,-,"FREEing F29825 Kigae: Morning 1: 4 Scale PVC Figure, Multicolor"
